USE example;

DROP TABLE IF EXISTS `data`;
DROP TABLE IF EXISTS `route`;
DROP TABLE IF EXISTS `panel`;
DROP TABLE IF EXISTS `climb_type`;
DROP TABLE IF EXISTS `colour`;
DROP TABLE IF EXISTS `grade`;
DROP TABLE IF EXISTS `setter`;

CREATE TABLE `data` (
  `name` tinytext NOT NULL,
  `value` tinytext NOT NULL
);

INSERT INTO `data` VALUES ('last_update','2011-02-11');
INSERT INTO `data` VALUES ('table_climb','2011-10-06 14:17:29');
INSERT INTO `data` VALUES ('table_climb_type','2011-03-24 14:12:09');
INSERT INTO `data` VALUES ('table_climber','2011-02-11');
INSERT INTO `data` VALUES ('table_colour','2011-10-06 18:44:51');
INSERT INTO `data` VALUES ('table_difficulty','2011-02-20 17:14:03');
INSERT INTO `data` VALUES ('table_grade','2011-02-11');
INSERT INTO `data` VALUES ('table_panel','2011-09-15 16:32:01');
INSERT INTO `data` VALUES ('table_rating','2011-10-05 23:23:19');
INSERT INTO `data` VALUES ('table_route','2011-09-27 12:09:23');
INSERT INTO `data` VALUES ('table_setter','2011-09-13 10:52:02');
INSERT INTO `data` VALUES ('table_success','2011-02-11');

CREATE TABLE `climb_type` (
  `id` int(11) NOT NULL AUTO_INCREMENT,
  `climb_type` tinytext NOT NULL,
  `abbr` tinytext,
  PRIMARY KEY (`id`)
);

INSERT INTO `climb_type` VALUES (1,'Lead',NULL);
INSERT INTO `climb_type` VALUES (2,'Top Rope','tr');
INSERT INTO `climb_type` VALUES (3,'Auto-belay','ab');

CREATE TABLE `colour` (
  `id` int(11) NOT NULL AUTO_INCREMENT,
  `colour` tinytext NOT NULL,
  `abbr` text,
  PRIMARY KEY (`id`)
);

INSERT INTO `colour` VALUES (1,'Beige','bg');
INSERT INTO `colour` VALUES (2,'Black','blk,bk');
INSERT INTO `colour` VALUES (3,'Blue','blu');
INSERT INTO `colour` VALUES (4,'Blue/White','b/w,bw');
INSERT INTO `colour` VALUES (5,'Brown','brn,bn');
INSERT INTO `colour` VALUES (6,'Features','ft');
INSERT INTO `colour` VALUES (7,'Green','gren,grn,gn');
INSERT INTO `colour` VALUES (8,'Grey','gray,gry,gy');
INSERT INTO `colour` VALUES (9,'Mushroom',NULL);
INSERT INTO `colour` VALUES (10,'Orange',NULL);
INSERT INTO `colour` VALUES (11,'Pink/Black','p/b,pb');
INSERT INTO `colour` VALUES (12,'Pink','pk');
INSERT INTO `colour` VALUES (13,'Pink/Purple','p/p,pp');
INSERT INTO `colour` VALUES (14,'Purple','pp');
INSERT INTO `colour` VALUES (15,'Purple/White','p/w,pw');
INSERT INTO `colour` VALUES (16,'Red','rd');
INSERT INTO `colour` VALUES (17,'Red/White','r/w,rw');
INSERT INTO `colour` VALUES (18,'Tiger','tg');
INSERT INTO `colour` VALUES (19,'Turquoise','tq,tr');
INSERT INTO `colour` VALUES (20,'White',NULL);
INSERT INTO `colour` VALUES (21,'Yellow','yl');
INSERT INTO `colour` VALUES (22,'Wood','wd');

CREATE TABLE `grade` (
  `id` int(11) NOT NULL AUTO_INCREMENT,
  `sequence` int(11) NOT NULL,
  `grade` tinytext NOT NULL,
  PRIMARY KEY (`id`)
);

INSERT INTO `grade` VALUES (1,100,'3');
INSERT INTO `grade` VALUES (2,150,'3+');
INSERT INTO `grade` VALUES (3,200,'4');
INSERT INTO `grade` VALUES (4,250,'4+');
INSERT INTO `grade` VALUES (5,300,'5');
INSERT INTO `grade` VALUES (6,350,'5+');
INSERT INTO `grade` VALUES (7,400,'6a');
INSERT INTO `grade` VALUES (8,450,'6a+');
INSERT INTO `grade` VALUES (9,500,'6b');
INSERT INTO `grade` VALUES (10,550,'6b+');
INSERT INTO `grade` VALUES (11,600,'6c');
INSERT INTO `grade` VALUES (12,650,'6c+');
INSERT INTO `grade` VALUES (13,700,'7a');
INSERT INTO `grade` VALUES (14,750,'7a+');
INSERT INTO `grade` VALUES (15,800,'7b');
INSERT INTO `grade` VALUES (16,850,'7b+');
INSERT INTO `grade` VALUES (17,900,'7c');
INSERT INTO `grade` VALUES (18,950,'7c+');
INSERT INTO `grade` VALUES (19,1000,'8a');
INSERT INTO `grade` VALUES (20,1050,'8a+');

CREATE TABLE `setter` (
  `id` int(11) NOT NULL AUTO_INCREMENT,
  `initials` tinytext NOT NULL,
  `first_name` text,
  `surname` text,
  PRIMARY KEY (`id`)
);

INSERT INTO `setter` VALUES (1,'','Features','');
INSERT INTO `setter` VALUES (2,'mc','Mark','Croxall');
INSERT INTO `setter` VALUES (3,'rr','Rich','Russon');
INSERT INTO `setter` VALUES (4,'nk','Nina','Kersey');
INSERT INTO `setter` VALUES (5,'br','Ben','Read');
INSERT INTO `setter` VALUES (6,'gh','Graeme','Harwood');
INSERT INTO `setter` VALUES (7,'jc','Joe','Coverley');
INSERT INTO `setter` VALUES (8,'ds','Dom','Sutcliffe');
INSERT INTO `setter` VALUES (9,'mh','Mike','Hadcocks');
INSERT INTO `setter` VALUES (10,'rm','Rob','Mitchell');

CREATE TABLE `panel` (
  `id` int(11) NOT NULL AUTO_INCREMENT,
  `climb_type_id` int(11) NOT NULL,
  `sequence` int(11) NOT NULL,
  `name` tinytext NOT NULL,
  `height` float DEFAULT NULL,
  `tags` text,
  PRIMARY KEY (`id`),
  KEY `climb_type_id` (`climb_type_id`),
  CONSTRAINT `panel_ibfk_1` FOREIGN KEY (`climb_type_id`) REFERENCES `climb_type` (`id`) ON DELETE CASCADE
);

INSERT INTO `panel` VALUES (1,1,1,'1',9,'overhang,wall');
INSERT INTO `panel` VALUES (2,1,2,'2',8.5,'wall');
INSERT INTO `panel` VALUES (3,2,3,'3',8.5,'wall');
INSERT INTO `panel` VALUES (4,2,4,'4',8,'wall');
INSERT INTO `panel` VALUES (5,3,5,'5',8,'overhang');
INSERT INTO `panel` VALUES (6,3,6,'6',8,'overhang');
INSERT INTO `panel` VALUES (7,1,7,'7',7.5,'wall');
INSERT INTO `panel` VALUES (8,1,8,'8',7.5,'overhang');
INSERT INTO `panel` VALUES (9,1,9,'9',7.5,'overhang');
INSERT INTO `panel` VALUES (10,1,10,'10',7.5,'overhang,wall');
INSERT INTO `panel` VALUES (11,2,11,'11',7.5,'wall');
INSERT INTO `panel` VALUES (12,1,12,'12',7.5,'arch,featured');
INSERT INTO `panel` VALUES (13,1,13,'13',7.5,'arch,featured');
INSERT INTO `panel` VALUES (14,1,14,'14',7.5,'arch,featured');
INSERT INTO `panel` VALUES (15,2,15,'15',7.5,'arch,featured');
INSERT INTO `panel` VALUES (16,1,16,'16',7.5,'wall');
INSERT INTO `panel` VALUES (17,1,17,'17',7.5,'wall');
INSERT INTO `panel` VALUES (18,1,18,'18',7.5,'wall');
INSERT INTO `panel` VALUES (19,1,19,'19',7.5,'featured,overhang');
INSERT INTO `panel` VALUES (20,1,20,'20',7.5,'featured,overhang');
INSERT INTO `panel` VALUES (21,1,21,'21',7.5,'wall');
INSERT INTO `panel` VALUES (22,2,22,'22',8,'slab,wall');
INSERT INTO `panel` VALUES (23,2,23,'23',8,'slab,wall');
INSERT INTO `panel` VALUES (24,2,24,'24',8,'arch,chockstone,roof,wall');
INSERT INTO `panel` VALUES (25,2,25,'25',8,'roof,wall');
INSERT INTO `panel` VALUES (26,2,26,'26',8,'roof,wall');
INSERT INTO `panel` VALUES (27,2,27,'27',8,'roof,wall');
INSERT INTO `panel` VALUES (28,2,28,'28',8,'wall');
INSERT INTO `panel` VALUES (29,2,29,'29',8,'wall');
INSERT INTO `panel` VALUES (30,2,30,'30',8,'wall');
INSERT INTO `panel` VALUES (31,2,31,'31',8,'wall');
INSERT INTO `panel` VALUES (32,2,32,'32',7.5,'wall');
INSERT INTO `panel` VALUES (33,2,33,'33',7.5,'wall');
INSERT INTO `panel` VALUES (34,2,34,'34',7.5,'wall');
INSERT INTO `panel` VALUES (35,2,35,'35',7.5,'wall');
INSERT INTO `panel` VALUES (36,2,36,'36',7.5,'wall');
INSERT INTO `panel` VALUES (37,2,37,'37',7.5,'wall');
INSERT INTO `panel` VALUES (38,2,38,'38',8,'arete');
INSERT INTO `panel` VALUES (39,2,39,'39',8,'wall');
INSERT INTO `panel` VALUES (40,2,40,'40',8,'slab');
INSERT INTO `panel` VALUES (41,2,41,'41',8,'slab,wall');
INSERT INTO `panel` VALUES (42,1,42,'42',8,'featured');
INSERT INTO `panel` VALUES (43,2,43,'43',8,'featured,flake');
INSERT INTO `panel` VALUES (44,2,44,'44',8,'featured');
INSERT INTO `panel` VALUES (45,2,45,'45',8,'featured,overhang');
INSERT INTO `panel` VALUES (46,2,46,'46',8,'arete,featured,overhang');
INSERT INTO `panel` VALUES (47,2,47,'47',8,'featured,overhang');
INSERT INTO `panel` VALUES (48,2,48,'48',8,'featured,overhang');
INSERT INTO `panel` VALUES (49,2,49,'49',8,'featured');
INSERT INTO `panel` VALUES (50,2,50,'50',8,'wall');
INSERT INTO `panel` VALUES (51,2,51,'51',8,'roof,wall');
INSERT INTO `panel` VALUES (52,2,52,'52',8,'arch,chockstone,roof,wall');
INSERT INTO `panel` VALUES (53,2,53,'53',8,'roof,wall');
INSERT INTO `panel` VALUES (54,2,54,'54',8,'chimney,wall');
INSERT INTO `panel` VALUES (55,2,55,'55',8,'wall');
INSERT INTO `panel` VALUES (56,1,56,'56',8,'wall');
INSERT INTO `panel` VALUES (57,1,57,'57',8,'wall');
INSERT INTO `panel` VALUES (58,1,58,'58',8,'arch,featured');
INSERT INTO `panel` VALUES (59,1,59,'59',8,'arch,featured');
INSERT INTO `panel` VALUES (60,1,60,'60',8,'arch,featured');
INSERT INTO `panel` VALUES (61,1,61,'61',8,'wall');
INSERT INTO `panel` VALUES (62,1,62,'62',8.5,'wall');
INSERT INTO `panel` VALUES (63,1,63,'63',9,'overhang');
INSERT INTO `panel` VALUES (64,1,64,'64',9,'overhang,roof');
INSERT INTO `panel` VALUES (65,1,65,'65',9,'overhang,roof');
INSERT INTO `panel` VALUES (66,1,66,'66',9,'overhang,roof');
INSERT INTO `panel` VALUES (67,1,67,'67',9,'overhang');
INSERT INTO `panel` VALUES (68,1,68,'68',9,'overhang');
INSERT INTO `panel` VALUES (69,2,69,'69',7,'wall');
INSERT INTO `panel` VALUES (70,2,70,'70',7,'slab');
INSERT INTO `panel` VALUES (71,2,71,'71',7,'slab');
INSERT INTO `panel` VALUES (72,2,72,'72',7,'slab');
INSERT INTO `panel` VALUES (73,2,73,'73',7,'wall');
INSERT INTO `panel` VALUES (74,2,74,'74',7,'featured,slab');
INSERT INTO `panel` VALUES (75,2,75,'75',7,'arete,wall');
INSERT INTO `panel` VALUES (76,2,76,'76',7,'wall');
INSERT INTO `panel` VALUES (77,2,77,'77',7,'wall');
INSERT INTO `panel` VALUES (78,2,78,'78',7,'wall');
INSERT INTO `panel` VALUES (79,2,79,'79',7,'wall');
INSERT INTO `panel` VALUES (80,2,80,'80',6,'wall');
INSERT INTO `panel` VALUES (81,2,81,'81',6,'chimney,wall');
INSERT INTO `panel` VALUES (82,2,82,'82',6,'wall');
INSERT INTO `panel` VALUES (83,2,83,'83',6,'wall');
INSERT INTO `panel` VALUES (84,2,84,'84',6,'wall');
INSERT INTO `panel` VALUES (85,2,85,'85',6,'wall');
INSERT INTO `panel` VALUES (86,2,86,'86',5,'wall');

CREATE TABLE `route` (
  `id` int(11) NOT NULL AUTO_INCREMENT,
  `panel_id` int(11) NOT NULL,
  `colour_id` int(11) NOT NULL,
  `grade_id` int(11) NOT NULL,
  `setter_id` int(11) DEFAULT NULL,
  `date_set` date DEFAULT NULL,
  `date_end` date DEFAULT NULL,
  `notes` varchar(255) DEFAULT NULL,
  PRIMARY KEY (`id`),
  KEY `grade_id` (`grade_id`),
  KEY `panel_id` (`panel_id`),
  KEY `setter_id` (`setter_id`),
  KEY `colour_id` (`colour_id`),
  KEY `date_end` (`date_end`),
  CONSTRAINT `route_ibfk_1` FOREIGN KEY (`colour_id`) REFERENCES `colour` (`id`) ON DELETE CASCADE,
  CONSTRAINT `route_ibfk_2` FOREIGN KEY (`grade_id`) REFERENCES `grade` (`id`) ON DELETE CASCADE,
  CONSTRAINT `route_ibfk_3` FOREIGN KEY (`panel_id`) REFERENCES `panel` (`id`) ON DELETE CASCADE,
  CONSTRAINT `route_ibfk_4` FOREIGN KEY (`setter_id`) REFERENCES `setter` (`id`) ON DELETE SET NULL
);

INSERT INTO `route` VALUES (1,1,21,6,2,'2010-08-02','2011-02-11',NULL);
INSERT INTO `route` VALUES (2,1,16,10,2,'2010-08-02','2011-02-11',NULL);
INSERT INTO `route` VALUES (3,2,10,6,2,'2010-08-02','2011-02-11',NULL);
INSERT INTO `route` VALUES (4,2,7,7,2,'2010-08-02','2011-02-11',NULL);
INSERT INTO `route` VALUES (5,2,8,9,2,'2010-08-02','2011-02-11',NULL);
INSERT INTO `route` VALUES (6,3,3,3,2,'2010-08-02','2011-02-11',NULL);
INSERT INTO `route` VALUES (7,3,16,6,2,'2010-08-02','2011-02-11',NULL);
INSERT INTO `route` VALUES (8,3,20,8,2,'2010-08-02','2011-02-11',NULL);
INSERT INTO `route` VALUES (9,4,14,4,2,'2010-08-02','2011-02-11',NULL);
INSERT INTO `route` VALUES (10,4,21,7,2,'2010-08-02','2011-02-11',NULL);
INSERT INTO `route` VALUES (11,4,7,10,2,'2010-08-02','2011-02-11',NULL);
INSERT INTO `route` VALUES (12,5,11,3,2,'2010-11-22','2011-01-20',NULL);
INSERT INTO `route` VALUES (13,5,3,6,2,'2010-11-22','2011-01-20',NULL);
INSERT INTO `route` VALUES (14,5,18,7,2,'2010-11-22','2011-01-20',NULL);
INSERT INTO `route` VALUES (15,5,17,8,2,'2010-11-22','2011-01-20',NULL);
INSERT INTO `route` VALUES (16,6,16,3,2,'2010-11-22','2011-01-20',NULL);
INSERT INTO `route` VALUES (17,6,21,8,2,'2010-11-22','2011-01-20',NULL);
INSERT INTO `route` VALUES (18,6,7,9,2,'2010-11-22','2011-01-20',NULL);
INSERT INTO `route` VALUES (19,6,14,10,2,'2010-11-22','2011-01-20','With bridging');
INSERT INTO `route` VALUES (20,6,14,12,2,'2010-11-22','2011-01-20','No bridging');
INSERT INTO `route` VALUES (21,7,11,4,2,'2010-08-03','2010-12-14',NULL);
INSERT INTO `route` VALUES (22,7,3,8,2,'2010-08-03','2010-12-14',NULL);
INSERT INTO `route` VALUES (23,8,20,5,2,'2010-08-03','2010-12-14',NULL);
INSERT INTO `route` VALUES (24,8,16,9,2,'2010-08-03','2010-12-14',NULL);
INSERT INTO `route` VALUES (25,8,7,10,2,'2010-08-03','2010-12-14',NULL);
INSERT INTO `route` VALUES (26,8,21,17,2,'2010-08-03','2010-12-14',NULL);
INSERT INTO `route` VALUES (27,9,14,5,2,'2010-08-03','2010-12-14',NULL);
INSERT INTO `route` VALUES (28,9,3,8,2,'2010-08-03','2010-12-14',NULL);
INSERT INTO `route` VALUES (29,9,1,12,2,'2010-08-03','2010-12-14',NULL);
INSERT INTO `route` VALUES (30,9,8,17,2,'2010-08-03','2010-12-14',NULL);
INSERT INTO `route` VALUES (31,10,10,5,2,'2010-08-04','2010-12-15',NULL);
INSERT INTO `route` VALUES (32,10,15,7,2,'2010-08-04','2010-12-15',NULL);
INSERT INTO `route` VALUES (33,10,7,8,2,'2010-08-04','2010-12-15',NULL);
INSERT INTO `route` VALUES (34,11,3,5,2,'2010-08-04','2010-12-15',NULL);
INSERT INTO `route` VALUES (35,11,8,6,2,'2010-08-04','2010-12-15',NULL);
INSERT INTO `route` VALUES (36,11,16,6,2,'2010-08-04','2010-12-15',NULL);
INSERT INTO `route` VALUES (37,12,11,4,2,'2010-08-04','2010-12-15',NULL);
INSERT INTO `route` VALUES (38,12,21,6,2,'2010-08-04','2010-12-15',NULL);
INSERT INTO `route` VALUES (39,13,7,5,2,'2010-08-04','2010-12-15',NULL);
INSERT INTO `route` VALUES (40,13,6,8,1,NULL,NULL,'Following easiest line to centre of arch');
INSERT INTO `route` VALUES (41,14,7,4,2,'2010-08-04','2010-12-15',NULL);
INSERT INTO `route` VALUES (42,14,21,4,2,'2010-08-04','2010-12-15',NULL);
INSERT INTO `route` VALUES (43,14,1,6,2,'2010-08-04','2010-12-15',NULL);
INSERT INTO `route` VALUES (44,14,16,7,2,'2010-08-04','2010-12-15',NULL);
INSERT INTO `route` VALUES (45,14,15,8,2,'2010-08-04','2010-12-15',NULL);
INSERT INTO `route` VALUES (46,14,6,8,1,NULL,NULL,'Following easiest line to centre of arch');
INSERT INTO `route` VALUES (47,15,3,3,2,'2010-08-05','2010-12-16',NULL);
INSERT INTO `route` VALUES (48,15,8,5,2,'2010-08-05','2010-12-16',NULL);
INSERT INTO `route` VALUES (49,15,5,6,2,'2010-08-05','2010-12-16',NULL);
INSERT INTO `route` VALUES (50,16,16,6,2,'2010-08-05','2010-12-16',NULL);
INSERT INTO `route` VALUES (51,16,7,7,2,'2010-08-05','2010-12-16',NULL);
INSERT INTO `route` VALUES (52,16,15,7,2,'2010-08-05','2010-12-16',NULL);
INSERT INTO `route` VALUES (53,17,20,4,2,'2010-08-05','2010-12-16',NULL);
INSERT INTO `route` VALUES (54,17,21,7,2,'2010-08-05','2010-12-16',NULL);
INSERT INTO `route` VALUES (55,17,3,11,2,'2010-08-05','2010-12-16',NULL);
INSERT INTO `route` VALUES (56,18,15,4,2,'2010-08-05','2010-12-16',NULL);
INSERT INTO `route` VALUES (57,18,7,6,2,'2010-08-05','2010-12-16',NULL);
INSERT INTO `route` VALUES (58,18,6,8,7,'2010-09-15',NULL,'Discs and features - Start on route 19');
INSERT INTO `route` VALUES (59,19,20,3,2,'2010-04-12','2010-12-13',NULL);
INSERT INTO `route` VALUES (60,19,16,7,2,'2010-04-12','2010-12-13',NULL);
INSERT INTO `route` VALUES (61,19,1,8,2,'2010-04-12','2010-12-13',NULL);
INSERT INTO `route` VALUES (62,19,6,6,7,'2010-09-15',NULL,'Discs and features');
INSERT INTO `route` VALUES (63,20,21,4,2,'2010-04-12','2010-12-13',NULL);
INSERT INTO `route` VALUES (64,20,6,11,7,'2010-09-15',NULL,'Discs and features');
INSERT INTO `route` VALUES (65,20,14,10,2,'2010-04-12','2010-12-13',NULL);
INSERT INTO `route` VALUES (66,20,3,12,2,'2010-04-12','2010-12-13',NULL);
INSERT INTO `route` VALUES (67,21,12,6,2,'2010-08-31','2011-04-07',NULL);
INSERT INTO `route` VALUES (68,21,7,7,2,'2010-08-31','2011-04-07',NULL);
INSERT INTO `route` VALUES (69,21,6,6,7,'2010-09-15',NULL,'Discs and features - Start on route 20');
INSERT INTO `route` VALUES (70,22,8,3,2,'2010-08-31','2011-04-07',NULL);
INSERT INTO `route` VALUES (71,22,14,6,2,'2010-08-31','2011-04-07',NULL);
INSERT INTO `route` VALUES (72,22,21,6,2,'2010-08-31','2011-04-07',NULL);
INSERT INTO `route` VALUES (73,23,3,3,2,'2010-08-31','2011-04-07',NULL);
INSERT INTO `route` VALUES (74,23,15,8,2,'2010-08-31','2011-04-07',NULL);
INSERT INTO `route` VALUES (75,23,16,10,2,'2010-08-31','2011-04-07',NULL);
INSERT INTO `route` VALUES (76,24,7,4,2,'2010-08-31','2011-04-07',NULL);
INSERT INTO `route` VALUES (77,24,1,6,2,'2010-08-31','2011-04-07',NULL);
INSERT INTO `route` VALUES (78,24,10,7,2,'2010-08-31','2011-04-07',NULL);
INSERT INTO `route` VALUES (79,25,16,4,2,'2010-09-01','2011-02-17',NULL);
INSERT INTO `route` VALUES (80,25,11,8,2,'2010-09-01','2011-02-17',NULL);
INSERT INTO `route` VALUES (81,25,7,9,2,'2010-09-01','2011-02-17',NULL);
INSERT INTO `route` VALUES (82,26,21,3,2,'2010-09-01','2011-02-17',NULL);
INSERT INTO `route` VALUES (83,26,1,7,2,'2010-09-01','2011-02-17',NULL);
INSERT INTO `route` VALUES (84,26,14,13,2,'2010-09-01','2011-02-17',NULL);
INSERT INTO `route` VALUES (85,27,16,4,2,'2010-09-01','2011-02-17',NULL);
INSERT INTO `route` VALUES (86,27,3,7,2,'2010-09-01','2011-02-17',NULL);
INSERT INTO `route` VALUES (87,27,8,12,2,'2010-09-01','2011-02-17',NULL);
INSERT INTO `route` VALUES (88,28,21,6,2,'2010-09-01','2011-02-17',NULL);
INSERT INTO `route` VALUES (89,28,10,7,2,'2010-09-01','2011-02-17',NULL);
INSERT INTO `route` VALUES (90,28,7,9,2,'2010-09-01','2011-02-17',NULL);
INSERT INTO `route` VALUES (91,29,3,3,2,'2010-09-03','2011-04-06',NULL);
INSERT INTO `route` VALUES (92,29,7,6,2,'2010-09-03','2011-04-06',NULL);
INSERT INTO `route` VALUES (93,29,16,9,2,'2010-09-03','2011-04-06',NULL);
INSERT INTO `route` VALUES (94,30,8,4,2,'2010-09-03','2011-04-06',NULL);
INSERT INTO `route` VALUES (95,30,10,7,2,'2010-09-03','2011-04-06',NULL);
INSERT INTO `route` VALUES (96,30,14,9,2,'2010-09-03','2011-04-06',NULL);
INSERT INTO `route` VALUES (97,31,1,3,2,'2010-09-03','2011-04-06',NULL);
INSERT INTO `route` VALUES (98,31,16,6,2,'2010-09-03','2011-04-06',NULL);
INSERT INTO `route` VALUES (99,31,20,6,2,'2010-09-03','2011-04-06',NULL);
INSERT INTO `route` VALUES (100,32,3,6,2,'2010-09-03','2011-04-06',NULL);
INSERT INTO `route` VALUES (101,32,7,6,2,'2010-09-03','2011-04-06',NULL);
INSERT INTO `route` VALUES (102,32,14,6,2,'2010-09-03','2011-04-06',NULL);
INSERT INTO `route` VALUES (103,33,15,4,2,'2010-09-02','2011-04-05',NULL);
INSERT INTO `route` VALUES (104,33,10,6,2,'2010-09-02','2011-04-05',NULL);
INSERT INTO `route` VALUES (105,33,21,9,2,'2010-09-02','2011-04-05',NULL);
INSERT INTO `route` VALUES (106,34,3,5,2,'2010-09-02','2011-04-05',NULL);
INSERT INTO `route` VALUES (107,34,20,5,2,'2010-09-02','2011-04-05',NULL);
INSERT INTO `route` VALUES (108,34,12,7,2,'2010-09-02','2011-04-05',NULL);
INSERT INTO `route` VALUES (109,35,21,3,2,'2010-09-02','2011-04-05',NULL);
INSERT INTO `route` VALUES (110,35,10,5,2,'2010-09-02','2011-04-05',NULL);
INSERT INTO `route` VALUES (111,35,7,9,2,'2010-09-02','2011-04-05',NULL);
INSERT INTO `route` VALUES (112,36,14,3,2,'2010-09-02','2011-04-05',NULL);
INSERT INTO `route` VALUES (113,36,1,6,2,'2010-09-02','2011-04-05',NULL);
INSERT INTO `route` VALUES (114,36,8,11,2,'2010-09-02','2011-04-05',NULL);
INSERT INTO `route` VALUES (115,37,3,3,2,'2010-09-02','2011-04-05',NULL);
INSERT INTO `route` VALUES (116,37,21,6,2,'2010-09-02','2011-04-05',NULL);
INSERT INTO `route` VALUES (117,37,16,9,2,'2010-09-02','2011-04-05',NULL);
INSERT INTO `route` VALUES (118,38,7,5,2,'2010-09-02','2011-04-05',NULL);
INSERT INTO `route` VALUES (119,39,14,4,2,'2010-05-21','2010-12-17',NULL);
INSERT INTO `route` VALUES (120,39,7,6,2,'2010-05-21','2010-12-17',NULL);
INSERT INTO `route` VALUES (121,39,1,8,2,'2010-05-21','2010-12-17',NULL);
INSERT INTO `route` VALUES (122,40,21,3,2,'2010-05-21','2010-12-17',NULL);
INSERT INTO `route` VALUES (123,40,3,5,2,'2010-05-21','2010-12-17',NULL);
INSERT INTO `route` VALUES (124,40,16,10,2,'2010-05-21','2010-12-17',NULL);
INSERT INTO `route` VALUES (125,41,11,6,2,'2010-05-21','2010-12-17',NULL);
INSERT INTO `route` VALUES (126,41,2,7,2,'2010-05-21','2010-12-17',NULL);
INSERT INTO `route` VALUES (127,41,7,9,2,'2010-05-21','2010-12-17',NULL);
INSERT INTO `route` VALUES (128,42,16,6,2,'2010-07-23','2011-02-11',NULL);
INSERT INTO `route` VALUES (129,42,3,7,2,'2010-07-23','2011-02-11',NULL);
INSERT INTO `route` VALUES (130,42,6,14,1,NULL,NULL,NULL);
INSERT INTO `route` VALUES (131,43,7,3,2,'2010-07-23','2011-02-11',NULL);
INSERT INTO `route` VALUES (132,43,1,5,2,'2010-07-23','2011-02-11',NULL);
INSERT INTO `route` VALUES (133,43,14,7,2,'2010-07-23','2011-02-11',NULL);
INSERT INTO `route` VALUES (134,43,6,8,1,'0000-00-00',NULL,'6b without using large holes, 6c without aretes');
INSERT INTO `route` VALUES (135,44,3,5,2,'2010-07-23','2011-02-11',NULL);
INSERT INTO `route` VALUES (136,44,15,6,2,'2010-07-23','2011-02-11',NULL);
INSERT INTO `route` VALUES (137,44,10,7,2,'2010-07-23','2011-02-11',NULL);
INSERT INTO `route` VALUES (138,45,16,4,2,'2010-07-23','2011-02-11',NULL);
INSERT INTO `route` VALUES (139,45,21,6,2,'2010-07-23','2011-02-11',NULL);
INSERT INTO `route` VALUES (140,45,7,7,2,'2010-07-23','2011-02-11',NULL);
INSERT INTO `route` VALUES (141,46,15,5,2,'2010-07-22','2011-02-11',NULL);
INSERT INTO `route` VALUES (142,46,3,8,2,'2010-07-22','2011-02-11',NULL);
INSERT INTO `route` VALUES (143,46,1,9,2,'2010-07-22','2011-02-11',NULL);
INSERT INTO `route` VALUES (144,46,6,16,1,NULL,NULL,NULL);
INSERT INTO `route` VALUES (145,47,11,6,2,'2010-07-22','2011-02-11',NULL);
INSERT INTO `route` VALUES (146,47,21,6,2,'2010-07-22','2011-02-11',NULL);
INSERT INTO `route` VALUES (147,47,16,7,2,'2010-07-22','2011-02-11',NULL);
INSERT INTO `route` VALUES (148,48,7,4,2,'2010-07-22','2011-02-11',NULL);
INSERT INTO `route` VALUES (149,48,14,6,2,'2010-07-22','2011-02-11',NULL);
INSERT INTO `route` VALUES (150,48,8,7,2,'2010-07-22','2011-02-11',NULL);
INSERT INTO `route` VALUES (151,49,3,3,2,'2010-07-22','2011-02-11',NULL);
INSERT INTO `route` VALUES (152,49,21,6,2,'2010-07-22','2011-02-11',NULL);
INSERT INTO `route` VALUES (153,49,16,7,2,'2010-07-22','2011-02-11',NULL);
INSERT INTO `route` VALUES (154,50,7,3,2,'2010-07-21','2011-01-07',NULL);
INSERT INTO `route` VALUES (155,50,8,5,5,'2010-10-29','2011-01-07',NULL);
INSERT INTO `route` VALUES (156,50,1,8,2,'2010-07-21','2011-01-07',NULL);
INSERT INTO `route` VALUES (157,50,12,8,2,'2010-07-21','2011-01-07',NULL);
INSERT INTO `route` VALUES (158,51,3,4,2,'2010-07-21','2011-01-07',NULL);
INSERT INTO `route` VALUES (159,51,16,6,2,'2010-07-21','2011-01-07',NULL);
INSERT INTO `route` VALUES (160,51,20,6,2,'2010-07-21','2011-01-07',NULL);
INSERT INTO `route` VALUES (161,52,7,4,2,'2010-07-21','2011-01-07',NULL);
INSERT INTO `route` VALUES (162,52,21,6,2,'2010-07-21','2011-01-07',NULL);
INSERT INTO `route` VALUES (163,52,11,7,2,'2010-07-21','2011-01-07',NULL);
INSERT INTO `route` VALUES (164,53,5,5,5,'2010-09-30','2011-01-06',NULL);
INSERT INTO `route` VALUES (165,53,16,7,2,'2010-09-24','2011-01-06',NULL);
INSERT INTO `route` VALUES (166,53,17,9,8,'2010-10-29','2011-01-06',NULL);
INSERT INTO `route` VALUES (167,53,3,11,5,'2010-09-30','2011-01-06',NULL);
INSERT INTO `route` VALUES (168,54,1,4,2,'2010-07-21','2011-01-06',NULL);
INSERT INTO `route` VALUES (169,54,10,7,2,'2010-07-21','2011-01-06',NULL);
INSERT INTO `route` VALUES (170,54,7,9,2,'2010-07-21','2011-01-06',NULL);
INSERT INTO `route` VALUES (171,55,20,3,2,'2010-07-20','2011-01-06',NULL);
INSERT INTO `route` VALUES (172,55,8,6,2,'2010-07-20','2011-01-06',NULL);
INSERT INTO `route` VALUES (173,55,14,6,2,'2010-07-20','2011-01-06',NULL);
INSERT INTO `route` VALUES (174,56,21,5,2,'2010-07-20','2011-01-06',NULL);
INSERT INTO `route` VALUES (175,56,16,7,2,'2010-07-20','2011-01-06',NULL);
INSERT INTO `route` VALUES (176,56,1,8,5,'2010-10-29','2011-01-06',NULL);
INSERT INTO `route` VALUES (177,56,3,10,2,'2010-07-20','2011-01-06',NULL);
INSERT INTO `route` VALUES (178,57,8,3,2,'2010-07-20','2011-01-05',NULL);
INSERT INTO `route` VALUES (179,57,10,5,2,'2010-07-20','2011-01-05',NULL);
INSERT INTO `route` VALUES (180,57,7,11,2,'2010-07-20','2011-01-05',NULL);
INSERT INTO `route` VALUES (181,58,21,5,2,'2010-05-20','2011-01-05',NULL);
INSERT INTO `route` VALUES (182,58,3,7,2,'2010-05-20','2011-01-05',NULL);
INSERT INTO `route` VALUES (183,58,14,7,2,'2010-05-20','2011-01-05',NULL);
INSERT INTO `route` VALUES (184,59,1,6,2,'2010-05-20','2011-01-05',NULL);
INSERT INTO `route` VALUES (185,59,7,12,2,'2010-05-20','2011-01-05',NULL);
INSERT INTO `route` VALUES (186,60,1,6,2,'2010-05-20','2011-01-05',NULL);
INSERT INTO `route` VALUES (187,60,12,7,2,'2010-05-20','2011-01-05',NULL);
INSERT INTO `route` VALUES (188,60,15,10,2,'2010-05-20','2011-01-05',NULL);
INSERT INTO `route` VALUES (189,61,7,6,2,'2010-11-24','2011-04-08',NULL);
INSERT INTO `route` VALUES (190,61,10,6,2,'2010-11-24','2011-04-08',NULL);
INSERT INTO `route` VALUES (191,61,14,7,2,'2010-11-24','2011-04-08',NULL);
INSERT INTO `route` VALUES (192,62,16,5,2,'2010-11-24','2011-04-08',NULL);
INSERT INTO `route` VALUES (193,62,8,9,2,'2010-11-24','2011-04-08',NULL);
INSERT INTO `route` VALUES (194,63,1,7,2,'2010-11-24','2011-04-08',NULL);
INSERT INTO `route` VALUES (195,63,15,7,2,'2010-11-24','2011-04-08',NULL);
INSERT INTO `route` VALUES (196,64,12,7,2,'2010-10-27','2011-02-28',NULL);
INSERT INTO `route` VALUES (197,64,14,8,2,'2010-10-27','2011-02-28',NULL);
INSERT INTO `route` VALUES (198,64,3,9,2,'2010-10-27','2011-02-28',NULL);
INSERT INTO `route` VALUES (199,64,21,9,2,'2010-10-27','2011-02-28',NULL);
INSERT INTO `route` VALUES (200,64,17,19,2,'2010-10-27','2011-02-28',NULL);
INSERT INTO `route` VALUES (201,65,21,6,2,'2010-10-27','2011-02-28',NULL);
INSERT INTO `route` VALUES (202,65,1,9,2,'2010-10-28','2011-02-28',NULL);
INSERT INTO `route` VALUES (203,65,10,9,2,'2010-10-27','2011-02-28',NULL);
INSERT INTO `route` VALUES (204,65,16,17,2,'2010-10-28','2011-02-28',NULL);
INSERT INTO `route` VALUES (205,65,7,18,2,'2010-10-28','2011-02-28',NULL);
INSERT INTO `route` VALUES (206,66,18,7,2,'2010-10-28','2011-02-28',NULL);
INSERT INTO `route` VALUES (207,66,15,8,2,'2010-10-28','2011-02-28',NULL);
INSERT INTO `route` VALUES (208,67,12,6,2,'2010-10-27','2011-03-01',NULL);
INSERT INTO `route` VALUES (209,67,3,8,2,'2010-10-28','2011-03-01',NULL);
INSERT INTO `route` VALUES (210,67,16,10,2,'2010-10-28','2011-03-01',NULL);
INSERT INTO `route` VALUES (211,67,14,11,2,'2010-10-27','2011-03-01',NULL);
INSERT INTO `route` VALUES (212,67,8,13,2,'2010-10-28','2011-03-01',NULL);
INSERT INTO `route` VALUES (213,68,10,6,2,'2010-10-27','2011-03-01',NULL);
INSERT INTO `route` VALUES (214,68,21,7,2,'2010-10-27','2011-03-01',NULL);
INSERT INTO `route` VALUES (215,68,7,12,2,'2010-10-27','2011-03-01',NULL);
INSERT INTO `route` VALUES (216,68,1,13,2,'2010-10-27','2011-03-01',NULL);
INSERT INTO `route` VALUES (217,68,17,17,2,'2010-10-27','2011-03-01',NULL);
INSERT INTO `route` VALUES (218,69,21,2,6,'2010-08-16','2011-08-16',NULL);
INSERT INTO `route` VALUES (219,69,3,5,6,'2010-08-16','2011-08-16',NULL);
INSERT INTO `route` VALUES (220,69,16,8,6,'2010-08-16','2011-08-16',NULL);
INSERT INTO `route` VALUES (221,70,7,2,7,'2010-08-27','2011-08-16',NULL);
INSERT INTO `route` VALUES (222,70,1,2,7,'2010-08-27','2011-08-16',NULL);
INSERT INTO `route` VALUES (223,70,3,4,7,'2010-08-27','2011-08-16',NULL);
INSERT INTO `route` VALUES (224,70,14,7,7,'2010-08-27','2011-08-16',NULL);
INSERT INTO `route` VALUES (225,71,7,1,6,'2010-09-13','0000-00-00',NULL);
INSERT INTO `route` VALUES (226,71,12,7,6,'2010-10-14','0000-00-00',NULL);
INSERT INTO `route` VALUES (227,71,16,8,6,'2010-10-13','0000-00-00',NULL);
INSERT INTO `route` VALUES (228,71,3,12,6,'2010-09-13','0000-00-00',NULL);
INSERT INTO `route` VALUES (229,72,10,1,6,'2010-09-13','0000-00-00',NULL);
INSERT INTO `route` VALUES (230,72,3,2,6,'2010-09-13','0000-00-00',NULL);
INSERT INTO `route` VALUES (231,72,5,7,6,'2010-09-13','0000-00-00',NULL);
INSERT INTO `route` VALUES (232,74,21,1,3,'2010-09-14','2011-08-19',NULL);
INSERT INTO `route` VALUES (233,74,1,4,7,'2010-09-14','2011-08-19',NULL);
INSERT INTO `route` VALUES (234,74,14,4,7,'2010-09-14','2011-08-19',NULL);
INSERT INTO `route` VALUES (235,73,3,2,3,'2010-09-14','2011-08-19',NULL);
INSERT INTO `route` VALUES (236,73,7,3,7,'2010-09-14','2011-08-19',NULL);
INSERT INTO `route` VALUES (237,73,16,4,3,'2010-09-14','2011-08-19',NULL);
INSERT INTO `route` VALUES (238,76,1,1,6,'2010-09-16','2011-08-19',NULL);
INSERT INTO `route` VALUES (239,76,3,1,6,'2010-09-16','2011-08-19',NULL);
INSERT INTO `route` VALUES (240,76,11,1,6,'2010-09-16','2011-08-19',NULL);
INSERT INTO `route` VALUES (241,76,12,6,6,'2010-10-14','2011-08-19','');
INSERT INTO `route` VALUES (242,77,14,1,6,'2010-09-16','2011-08-19',NULL);
INSERT INTO `route` VALUES (243,77,21,1,6,'2010-09-16','2011-08-19',NULL);
INSERT INTO `route` VALUES (244,77,8,4,6,'2010-09-16','2011-08-19',NULL);
INSERT INTO `route` VALUES (245,78,3,3,7,'2010-06-07','0000-00-00','Dark blue');
INSERT INTO `route` VALUES (246,78,3,3,6,'2010-10-14','0000-00-00','Light blue');
INSERT INTO `route` VALUES (247,78,16,4,7,'2010-05-20','0000-00-00',NULL);
INSERT INTO `route` VALUES (248,79,7,2,6,'2010-05-20','0000-00-00',NULL);
INSERT INTO `route` VALUES (249,79,21,2,6,'2010-05-20','0000-00-00',NULL);
INSERT INTO `route` VALUES (250,79,1,3,6,'2010-05-20','0000-00-00',NULL);
INSERT INTO `route` VALUES (251,80,1,5,2,'2010-11-23','2011-06-06',NULL);
INSERT INTO `route` VALUES (252,80,7,5,2,'2010-11-23','2011-06-06',NULL);
INSERT INTO `route` VALUES (253,80,14,8,2,'2010-11-23','2011-06-06',NULL);
INSERT INTO `route` VALUES (254,81,11,3,2,'2010-11-23','2011-06-06',NULL);
INSERT INTO `route` VALUES (255,81,6,5,1,NULL,NULL,'Chimney');
INSERT INTO `route` VALUES (256,81,20,6,2,'2010-11-23','2011-06-06',NULL);
INSERT INTO `route` VALUES (257,81,21,6,2,'2010-11-23','2011-06-06',NULL);
INSERT INTO `route` VALUES (258,82,8,3,2,'2010-11-23','2011-06-06',NULL);
INSERT INTO `route` VALUES (259,82,15,6,2,'2010-11-23','2011-06-06',NULL);
INSERT INTO `route` VALUES (260,82,7,7,2,'2010-11-23','2011-06-06',NULL);
INSERT INTO `route` VALUES (261,83,14,4,2,'2010-11-23','2011-06-07',NULL);
INSERT INTO `route` VALUES (262,83,3,7,2,'2010-11-23','2011-06-07',NULL);
INSERT INTO `route` VALUES (263,83,18,8,2,'2010-11-23','2011-06-07',NULL);
INSERT INTO `route` VALUES (264,84,21,5,2,'2010-11-25','2011-06-07',NULL);
INSERT INTO `route` VALUES (265,84,16,6,2,'2010-11-25','2011-06-07',NULL);
INSERT INTO `route` VALUES (266,84,7,10,2,'2010-11-25','2011-06-07',NULL);
INSERT INTO `route` VALUES (267,85,14,4,2,'2010-11-25','2011-06-07',NULL);
INSERT INTO `route` VALUES (268,85,3,8,2,'2010-11-25','2011-06-07',NULL);
INSERT INTO `route` VALUES (269,85,8,8,2,'2010-11-25','2011-06-07',NULL);
INSERT INTO `route` VALUES (270,86,21,4,2,'2010-11-25','2011-06-07',NULL);
INSERT INTO `route` VALUES (271,86,7,6,2,'2010-11-25','2011-06-07',NULL);
INSERT INTO `route` VALUES (272,86,17,10,2,'2010-11-25','2011-06-07',NULL);
INSERT INTO `route` VALUES (273,7,15,5,2,'2010-12-14','0000-00-00',NULL);
INSERT INTO `route` VALUES (274,7,3,7,2,'2010-12-14','0000-00-00',NULL);
INSERT INTO `route` VALUES (275,8,14,5,2,'2010-12-14','0000-00-00',NULL);
INSERT INTO `route` VALUES (276,8,7,9,2,'2010-12-14','0000-00-00',NULL);
INSERT INTO `route` VALUES (277,8,17,9,2,'2010-12-14','2011-05-02',NULL);
INSERT INTO `route` VALUES (278,8,21,14,2,'2010-12-14','0000-00-00',NULL);
INSERT INTO `route` VALUES (279,9,20,5,2,'2010-12-14','0000-00-00',NULL);
INSERT INTO `route` VALUES (280,9,1,8,2,'2010-12-14','2011-05-02',NULL);
INSERT INTO `route` VALUES (281,9,16,8,2,'2010-12-14','0000-00-00',NULL);
INSERT INTO `route` VALUES (282,9,3,15,2,'2010-12-14','0000-00-00',NULL);
INSERT INTO `route` VALUES (283,10,11,5,2,'2010-12-15','0000-00-00',NULL);
INSERT INTO `route` VALUES (284,10,7,9,2,'2010-12-15','0000-00-00',NULL);
INSERT INTO `route` VALUES (285,10,21,10,2,'2010-12-15','0000-00-00',NULL);
INSERT INTO `route` VALUES (286,11,14,5,2,'2010-12-15','0000-00-00',NULL);
INSERT INTO `route` VALUES (287,11,1,6,2,'2010-12-15','0000-00-00',NULL);
INSERT INTO `route` VALUES (288,11,8,7,2,'2010-12-15','0000-00-00',NULL);
INSERT INTO `route` VALUES (289,12,7,6,2,'2010-12-15','0000-00-00',NULL);
INSERT INTO `route` VALUES (290,12,3,7,2,'2010-12-15','0000-00-00',NULL);
INSERT INTO `route` VALUES (291,13,16,5,2,'2010-12-15','2011-08-15',NULL);
INSERT INTO `route` VALUES (292,14,7,3,2,'2010-12-15','2011-08-15',NULL);
INSERT INTO `route` VALUES (293,14,16,5,2,'2010-12-15','2011-08-15',NULL);
INSERT INTO `route` VALUES (294,14,11,6,2,'2010-12-15','2011-08-15',NULL);
INSERT INTO `route` VALUES (295,14,21,6,2,'2010-12-15','2011-08-15',NULL);
INSERT INTO `route` VALUES (296,14,15,7,2,'2010-12-15','2011-08-15',NULL);
INSERT INTO `route` VALUES (297,15,10,3,2,'2010-12-16','2011-08-15',NULL);
INSERT INTO `route` VALUES (298,15,14,5,2,'2010-12-16','2011-08-15',NULL);
INSERT INTO `route` VALUES (299,15,3,6,2,'2010-12-16','2011-08-15',NULL);
INSERT INTO `route` VALUES (300,16,1,6,2,'2010-12-16','2011-08-15',NULL);
INSERT INTO `route` VALUES (301,16,7,7,2,'2010-12-16','2011-08-15',NULL);
INSERT INTO `route` VALUES (302,16,15,8,2,'2010-12-16','2011-08-15',NULL);
INSERT INTO `route` VALUES (303,17,21,3,2,'2010-12-16','2011-08-16',NULL);
INSERT INTO `route` VALUES (304,17,8,9,2,'2010-12-16','2011-08-16',NULL);
INSERT INTO `route` VALUES (305,17,16,12,2,'2010-12-16','2011-08-16',NULL);
INSERT INTO `route` VALUES (306,18,15,4,2,'2010-12-16','2011-08-16',NULL);
INSERT INTO `route` VALUES (307,18,7,6,2,'2010-12-16','2011-08-16',NULL);
INSERT INTO `route` VALUES (308,19,20,4,2,'2010-12-13','2011-08-16',NULL);
INSERT INTO `route` VALUES (309,19,1,7,2,'2010-12-13','2011-08-16',NULL);
INSERT INTO `route` VALUES (310,19,14,9,2,'2010-12-13','2011-08-16',NULL);
INSERT INTO `route` VALUES (311,20,21,6,2,'2010-12-13','2011-08-16',NULL);
INSERT INTO `route` VALUES (312,20,3,7,2,'2010-12-13','2011-08-16',NULL);
INSERT INTO `route` VALUES (313,20,16,10,2,'2010-12-13','2011-08-16',NULL);
INSERT INTO `route` VALUES (314,39,14,4,9,'2010-12-17','2011-09-08',NULL);
INSERT INTO `route` VALUES (315,39,3,7,9,'2010-12-17','2011-09-08',NULL);
INSERT INTO `route` VALUES (316,39,21,9,9,'2010-12-17','2011-09-08',NULL);
INSERT INTO `route` VALUES (317,40,20,3,9,'2010-12-17','2011-09-08',NULL);
INSERT INTO `route` VALUES (318,40,10,8,9,'2010-12-17','2011-09-08','Hands allowed on arete');
INSERT INTO `route` VALUES (319,40,17,9,9,'2010-12-17','2011-09-08',NULL);
INSERT INTO `route` VALUES (320,41,3,4,9,'2010-12-17','2011-09-08',NULL);
INSERT INTO `route` VALUES (321,41,21,5,9,'2010-12-17','2011-09-08',NULL);
INSERT INTO `route` VALUES (322,41,5,7,9,'2010-12-17','2011-09-08',NULL);
INSERT INTO `route` VALUES (323,57,1,3,2,'2011-01-05','2011-09-08',NULL);
INSERT INTO `route` VALUES (324,57,2,7,2,'2011-01-05','2011-09-08',NULL);
INSERT INTO `route` VALUES (325,57,7,9,2,'2011-01-05','2011-09-08',NULL);
INSERT INTO `route` VALUES (326,58,21,5,2,'2011-01-05','2011-08-19',NULL);
INSERT INTO `route` VALUES (327,58,14,7,2,'2011-01-05','2011-08-19',NULL);
INSERT INTO `route` VALUES (328,58,3,8,2,'2011-01-05','2011-08-19',NULL);
INSERT INTO `route` VALUES (329,59,15,7,2,'2011-01-05','2011-08-19',NULL);
INSERT INTO `route` VALUES (330,59,7,11,2,'2011-01-05','2011-08-19',NULL);
INSERT INTO `route` VALUES (331,60,10,5,2,'2011-01-05','2011-08-19',NULL);
INSERT INTO `route` VALUES (332,60,15,6,2,'2011-01-05','2011-08-19',NULL);
INSERT INTO `route` VALUES (333,60,11,8,2,'2011-01-05','2011-08-19',NULL);
INSERT INTO `route` VALUES (334,53,1,6,2,'2011-01-06','2011-09-08',NULL);
INSERT INTO `route` VALUES (335,53,20,4,2,'2011-01-06','2011-05-02',NULL);
INSERT INTO `route` VALUES (336,53,14,8,2,'2011-01-06','2011-09-08',NULL);
INSERT INTO `route` VALUES (337,54,10,4,2,'2011-01-06','2011-09-08',NULL);
INSERT INTO `route` VALUES (338,54,3,6,2,'2011-01-06','2011-09-08',NULL);
INSERT INTO `route` VALUES (339,54,17,9,2,'2011-01-06','2011-09-08',NULL);
INSERT INTO `route` VALUES (340,55,5,3,2,'2011-01-06','2011-09-08',NULL);
INSERT INTO `route` VALUES (341,55,12,5,2,'2011-01-06','2011-09-08',NULL);
INSERT INTO `route` VALUES (342,55,7,7,2,'2011-01-06','2011-09-08',NULL);
INSERT INTO `route` VALUES (343,56,8,4,2,'2011-01-06','2011-09-08',NULL);
INSERT INTO `route` VALUES (344,56,21,9,2,'2011-01-06','2011-09-08',NULL);
INSERT INTO `route` VALUES (345,56,16,11,2,'2011-01-06','2011-09-08',NULL);
INSERT INTO `route` VALUES (346,50,7,3,2,'2011-01-07','2011-05-02',NULL);
INSERT INTO `route` VALUES (347,50,11,6,2,'2011-01-07','2011-09-07',NULL);
INSERT INTO `route` VALUES (348,50,17,13,2,'2011-01-07','2011-09-07',NULL);
INSERT INTO `route` VALUES (349,51,1,3,2,'2011-01-07','2011-09-07',NULL);
INSERT INTO `route` VALUES (350,51,8,7,2,'2011-01-07','2011-09-07',NULL);
INSERT INTO `route` VALUES (351,51,16,8,2,'2011-01-07','2011-09-07',NULL);
INSERT INTO `route` VALUES (352,52,3,5,2,'2011-01-07','2011-09-07',NULL);
INSERT INTO `route` VALUES (353,52,21,6,2,'2011-01-07','2011-09-07',NULL);
INSERT INTO `route` VALUES (354,52,7,9,2,'2011-01-07','2011-09-07',NULL);
INSERT INTO `route` VALUES (355,5,11,3,5,'2011-01-20','2011-02-24',NULL);
INSERT INTO `route` VALUES (356,5,17,7,9,'2011-01-20','2011-02-24',NULL);
INSERT INTO `route` VALUES (357,5,7,8,9,'2011-01-20','2011-02-24',NULL);
INSERT INTO `route` VALUES (358,5,3,9,9,'2011-01-20','2011-02-24',NULL);
INSERT INTO `route` VALUES (359,5,1,10,5,'2011-01-20','2011-02-24',NULL);
INSERT INTO `route` VALUES (360,6,21,4,5,'2011-01-20','2011-02-24',NULL);
INSERT INTO `route` VALUES (361,6,8,5,9,'2011-01-20','2011-02-24',NULL);
INSERT INTO `route` VALUES (362,6,12,8,9,'2011-01-20','2011-02-24',NULL);
INSERT INTO `route` VALUES (363,6,16,8,9,'2011-01-20','2011-02-24',NULL);
INSERT INTO `route` VALUES (364,55,20,4,5,'2011-01-28','2011-09-08',NULL);
INSERT INTO `route` VALUES (365,56,3,3,5,'2011-01-28','2011-02-11',NULL);
INSERT INTO `route` VALUES (367,1,21,6,2,'2011-02-09','2011-09-09',NULL);
INSERT INTO `route` VALUES (368,1,20,11,2,'2011-02-09','2011-09-09',NULL);
INSERT INTO `route` VALUES (369,2,16,4,2,'2011-02-09','2011-09-09',NULL);
INSERT INTO `route` VALUES (370,2,1,8,2,'2011-02-09','2011-09-09',NULL);
INSERT INTO `route` VALUES (371,2,7,9,2,'2011-02-09','2011-09-09',NULL);
INSERT INTO `route` VALUES (372,3,10,6,2,'2011-02-09','2011-09-09',NULL);
INSERT INTO `route` VALUES (373,3,15,6,2,'2011-02-09','2011-09-09',NULL);
INSERT INTO `route` VALUES (374,3,3,10,2,'2011-02-09','2011-09-09',NULL);
INSERT INTO `route` VALUES (375,4,7,4,2,'2011-02-09','2011-03-04',NULL);
INSERT INTO `route` VALUES (376,4,21,6,2,'2011-02-09','2011-09-09',NULL);
INSERT INTO `route` VALUES (377,4,14,9,2,'2011-02-09','2011-09-09',NULL);
INSERT INTO `route` VALUES (378,42,7,3,2,'2011-02-11','2011-09-05',NULL);
INSERT INTO `route` VALUES (379,42,21,9,2,'2011-02-11','2011-09-05',NULL);
INSERT INTO `route` VALUES (380,43,15,5,2,'2011-02-11','2011-09-05',NULL);
INSERT INTO `route` VALUES (381,43,1,6,2,'2011-02-11','2011-09-05',NULL);
INSERT INTO `route` VALUES (382,43,3,9,2,'2011-02-11','2011-09-05',NULL);
INSERT INTO `route` VALUES (383,44,7,3,2,'2011-02-11','2011-09-05',NULL);
INSERT INTO `route` VALUES (384,44,16,6,2,'2011-02-11','2011-09-05',NULL);
INSERT INTO `route` VALUES (385,44,21,10,2,'2011-02-11','2011-09-05',NULL);
INSERT INTO `route` VALUES (386,45,3,3,2,'2011-02-11','2011-09-06',NULL);
INSERT INTO `route` VALUES (387,45,14,5,2,'2011-02-11','2011-09-06',NULL);
INSERT INTO `route` VALUES (388,45,8,8,2,'2011-02-11','2011-09-06',NULL);
INSERT INTO `route` VALUES (389,46,11,5,2,'2011-02-10','2011-09-06',NULL);
INSERT INTO `route` VALUES (390,46,1,6,2,'2011-02-10','2011-09-06',NULL);
INSERT INTO `route` VALUES (391,46,7,8,2,'2011-02-10','2011-09-06',NULL);
INSERT INTO `route` VALUES (392,47,15,3,2,'2011-02-10','2011-09-06',NULL);
INSERT INTO `route` VALUES (393,47,3,6,2,'2011-02-10','2011-09-06',NULL);
INSERT INTO `route` VALUES (394,47,21,7,2,'2011-02-10','2011-09-06',NULL);
INSERT INTO `route` VALUES (395,48,16,5,2,'2011-02-10','2011-09-06',NULL);
INSERT INTO `route` VALUES (396,48,7,6,2,'2011-02-10','2011-09-06',NULL);
INSERT INTO `route` VALUES (397,48,18,7,2,'2011-02-10','2011-09-06',NULL);
INSERT INTO `route` VALUES (398,49,3,3,2,'2011-02-10','2011-09-07',NULL);
INSERT INTO `route` VALUES (399,49,21,5,2,'2011-02-10','2011-09-07',NULL);
INSERT INTO `route` VALUES (400,49,14,6,2,'2011-02-10','2011-09-07',NULL);
INSERT INTO `route` VALUES (401,28,3,3,6,'2011-02-11','2011-08-17',NULL);
INSERT INTO `route` VALUES (402,25,21,4,9,'2011-02-17','2011-08-17',NULL);
INSERT INTO `route` VALUES (403,25,14,6,9,'2011-02-17','2011-08-17',NULL);
INSERT INTO `route` VALUES (404,25,7,10,9,'2011-02-17','2011-08-17','');
INSERT INTO `route` VALUES (405,26,3,5,9,'2011-02-17','2011-08-17',NULL);
INSERT INTO `route` VALUES (406,26,21,6,9,'2011-02-17','2011-08-17',NULL);
INSERT INTO `route` VALUES (407,26,1,9,9,'2011-02-17','2011-08-17',NULL);
INSERT INTO `route` VALUES (408,27,16,3,5,'2011-02-17','2011-08-17',NULL);
INSERT INTO `route` VALUES (409,27,7,5,5,'2011-02-17','2011-08-17',NULL);
INSERT INTO `route` VALUES (410,27,8,11,5,'2011-02-17','2011-08-17',NULL);
INSERT INTO `route` VALUES (412,28,14,6,5,'2011-02-17','2011-08-17','');
INSERT INTO `route` VALUES (413,28,21,7,5,'2011-02-17','2011-08-17',NULL);
INSERT INTO `route` VALUES (417,5,11,5,2,'2011-02-24','2011-04-14',NULL);
INSERT INTO `route` VALUES (418,5,10,6,2,'2011-02-24','2011-04-14',NULL);
INSERT INTO `route` VALUES (419,5,3,8,2,'2011-02-24','2011-04-14',NULL);
INSERT INTO `route` VALUES (420,5,1,11,2,'2011-02-24','2011-04-14',NULL);
INSERT INTO `route` VALUES (421,6,16,4,2,'2011-02-24','2011-04-14',NULL);
INSERT INTO `route` VALUES (422,6,7,10,2,'2011-02-24','2011-04-14',NULL);
INSERT INTO `route` VALUES (423,6,8,9,2,'2011-02-24','2011-04-14',NULL);
INSERT INTO `route` VALUES (424,6,21,6,2,'2011-02-24','2011-04-14',NULL);
INSERT INTO `route` VALUES (425,3,8,8,2,'2011-03-04','2011-09-09',NULL);
INSERT INTO `route` VALUES (426,4,7,3,2,'2011-03-04','2011-09-09',NULL);
INSERT INTO `route` VALUES (427,50,10,6,2,'2011-03-03','2011-09-07',NULL);
INSERT INTO `route` VALUES (428,51,21,5,2,'2011-03-03','2011-09-07',NULL);
INSERT INTO `route` VALUES (429,56,3,9,2,'2011-03-03','2011-05-02',NULL);
INSERT INTO `route` VALUES (430,57,17,10,2,'2011-03-03','2011-09-08',NULL);
INSERT INTO `route` VALUES (431,64,3,10,2,'2011-02-28','2011-07-12',NULL);
INSERT INTO `route` VALUES (432,64,7,18,2,'2011-02-28','2011-07-12',NULL);
INSERT INTO `route` VALUES (433,64,10,9,2,'2011-02-28','2011-07-12',NULL);
INSERT INTO `route` VALUES (434,64,21,6,2,'2011-02-28','2011-07-12',NULL);
INSERT INTO `route` VALUES (435,64,17,14,2,'2011-03-02','2011-05-03',NULL);
INSERT INTO `route` VALUES (436,65,1,10,2,'2011-02-28','2011-07-12',NULL);
INSERT INTO `route` VALUES (437,65,8,12,2,'2011-03-02','2011-07-12',NULL);
INSERT INTO `route` VALUES (438,65,12,7,2,'2011-03-02','2011-07-12',NULL);
INSERT INTO `route` VALUES (439,65,16,19,2,'2011-03-02','2011-07-12',NULL);
INSERT INTO `route` VALUES (440,65,21,8,2,'2011-03-02','2011-07-12',NULL);
INSERT INTO `route` VALUES (441,66,15,7,2,'2011-03-01','2011-07-13',NULL);
INSERT INTO `route` VALUES (442,66,18,8,2,'2011-03-02','2011-07-13',NULL);
INSERT INTO `route` VALUES (443,67,3,9,2,'2011-03-02','2011-07-13',NULL);
INSERT INTO `route` VALUES (444,67,7,11,2,'2011-03-01','2011-07-13',NULL);
INSERT INTO `route` VALUES (445,67,10,6,2,'2011-03-01','2011-05-03',NULL);
INSERT INTO `route` VALUES (446,67,14,9,2,'2011-03-01','2011-07-13',NULL);
INSERT INTO `route` VALUES (447,67,17,15,2,'2011-03-02','2011-07-13',NULL);
INSERT INTO `route` VALUES (448,68,1,12,2,'2011-03-01','2011-07-13',NULL);
INSERT INTO `route` VALUES (449,68,8,10,2,'2011-03-01','2011-07-13',NULL);
INSERT INTO `route` VALUES (450,68,16,17,2,'2011-03-01','2011-07-13',NULL);
INSERT INTO `route` VALUES (451,68,21,8,2,'2011-03-01','2011-05-03',NULL);
INSERT INTO `route` VALUES (452,68,12,6,2,'2011-03-04','2011-07-13',NULL);
INSERT INTO `route` VALUES (453,85,1,10,2,'2011-03-03','2011-06-07',NULL);
INSERT INTO `route` VALUES (454,86,16,2,2,'2011-03-03','2011-06-07',NULL);
INSERT INTO `route` VALUES (455,48,6,9,1,NULL,NULL,'');
INSERT INTO `route` VALUES (456,33,10,5,2,'2011-04-05',NULL,'');
INSERT INTO `route` VALUES (457,33,1,5,2,'2011-04-05',NULL,'');
INSERT INTO `route` VALUES (458,33,8,11,2,'2011-04-05',NULL,'');
INSERT INTO `route` VALUES (459,34,21,5,2,'2011-04-05',NULL,'');
INSERT INTO `route` VALUES (460,34,3,7,2,'2011-04-05',NULL,'');
INSERT INTO `route` VALUES (461,34,17,10,2,'2011-04-05',NULL,'');
INSERT INTO `route` VALUES (462,35,7,6,2,'2011-04-05',NULL,'');
INSERT INTO `route` VALUES (463,35,12,7,2,'2011-04-05',NULL,'');
INSERT INTO `route` VALUES (464,35,15,4,2,'2011-04-05',NULL,'');
INSERT INTO `route` VALUES (465,36,3,3,2,'2011-04-05',NULL,'');
INSERT INTO `route` VALUES (466,36,8,6,2,'2011-04-05',NULL,'');
INSERT INTO `route` VALUES (467,36,16,10,2,'2011-04-05',NULL,'');
INSERT INTO `route` VALUES (468,37,7,3,2,'2011-04-05',NULL,'');
INSERT INTO `route` VALUES (469,37,20,8,2,'2011-04-05',NULL,'');
INSERT INTO `route` VALUES (470,37,21,6,2,'2011-04-05',NULL,'');
INSERT INTO `route` VALUES (471,38,10,7,2,'2011-04-05',NULL,'');
INSERT INTO `route` VALUES (472,29,8,3,2,'2011-04-06',NULL,'');
INSERT INTO `route` VALUES (473,29,16,5,2,'2011-04-06',NULL,'');
INSERT INTO `route` VALUES (474,29,21,11,2,'2011-04-06',NULL,'');
INSERT INTO `route` VALUES (475,30,20,4,2,'2011-04-06',NULL,'');
INSERT INTO `route` VALUES (476,30,7,5,2,'2011-04-06',NULL,'');
INSERT INTO `route` VALUES (477,30,14,12,2,'2011-04-06',NULL,'');
INSERT INTO `route` VALUES (478,31,3,4,2,'2011-04-06',NULL,'');
INSERT INTO `route` VALUES (479,31,10,7,2,'2011-04-06',NULL,'');
INSERT INTO `route` VALUES (480,31,21,8,2,'2011-04-06',NULL,'');
INSERT INTO `route` VALUES (481,32,16,4,2,'2011-04-06',NULL,'');
INSERT INTO `route` VALUES (482,32,14,6,2,'2011-04-06',NULL,'');
INSERT INTO `route` VALUES (483,32,7,9,2,'2011-04-06',NULL,'');
INSERT INTO `route` VALUES (484,21,8,4,2,'2011-04-07','2011-08-25','');
INSERT INTO `route` VALUES (485,21,15,7,2,'2011-04-07','2011-08-25','');
INSERT INTO `route` VALUES (486,22,16,5,2,'2011-04-07','2011-08-25','');
INSERT INTO `route` VALUES (487,22,21,6,2,'2011-04-07','2011-08-25','');
INSERT INTO `route` VALUES (488,22,7,6,2,'2011-04-07','2011-08-25','');
INSERT INTO `route` VALUES (489,23,3,4,2,'2011-04-07','2011-08-25','');
INSERT INTO `route` VALUES (490,23,10,6,2,'2011-04-07','2011-08-25','');
INSERT INTO `route` VALUES (491,23,14,9,2,'2011-04-07','2011-08-25','');
INSERT INTO `route` VALUES (492,24,7,3,2,'2011-04-07','2011-08-17','');
INSERT INTO `route` VALUES (493,24,21,6,2,'2011-04-07','2011-08-17','');
INSERT INTO `route` VALUES (494,24,16,6,2,'2011-04-07','2011-08-17','');
INSERT INTO `route` VALUES (495,61,7,4,2,'2011-04-08',NULL,'');
INSERT INTO `route` VALUES (496,61,3,6,2,'2011-04-08',NULL,'');
INSERT INTO `route` VALUES (497,61,21,6,2,'2011-04-08',NULL,'');
INSERT INTO `route` VALUES (498,62,8,6,2,'2011-04-08',NULL,'');
INSERT INTO `route` VALUES (499,62,12,8,2,'2011-04-08',NULL,'');
INSERT INTO `route` VALUES (500,63,1,6,2,'2011-04-08',NULL,'');
INSERT INTO `route` VALUES (501,63,16,12,2,'2011-04-08',NULL,'');
INSERT INTO `route` VALUES (502,71,10,1,6,'2011-04-12','0000-00-00','');
INSERT INTO `route` VALUES (503,71,12,6,6,'2011-04-12','0000-00-00','');
INSERT INTO `route` VALUES (504,71,3,9,6,'2011-04-12','0000-00-00','');
INSERT INTO `route` VALUES (505,72,7,1,6,'2011-04-12','0000-00-00','');
INSERT INTO `route` VALUES (506,72,21,5,6,'2011-04-12','0000-00-00','');
INSERT INTO `route` VALUES (507,72,5,8,6,'2011-04-12','0000-00-00','');
INSERT INTO `route` VALUES (508,5,10,5,9,'2011-04-14','2011-05-19','');
INSERT INTO `route` VALUES (509,5,16,6,9,'2011-04-14','2011-05-19','');
INSERT INTO `route` VALUES (510,5,21,7,9,'2011-04-14','2011-05-19','');
INSERT INTO `route` VALUES (511,5,3,10,9,'2011-04-14','2011-05-19','');
INSERT INTO `route` VALUES (512,6,3,4,9,'2011-04-14','2011-05-19','');
INSERT INTO `route` VALUES (513,6,1,5,9,'2011-04-14','2011-05-19','');
INSERT INTO `route` VALUES (514,6,14,7,9,'2011-04-14','2011-05-19','');
INSERT INTO `route` VALUES (515,6,7,8,9,'2011-04-14','2011-05-19','');
INSERT INTO `route` VALUES (516,50,7,3,2,'2011-05-02','2011-09-07','');
INSERT INTO `route` VALUES (517,53,20,5,2,'2011-05-02','2011-09-08','');
INSERT INTO `route` VALUES (518,56,3,8,2,'2011-05-02','2011-09-08','');
INSERT INTO `route` VALUES (519,8,8,11,2,'2011-05-02','0000-00-00','');
INSERT INTO `route` VALUES (520,9,1,8,2,'2011-05-02','0000-00-00','');
INSERT INTO `route` VALUES (521,64,17,14,2,'2011-05-03','2011-07-12','');
INSERT INTO `route` VALUES (522,67,10,6,2,'2011-05-03','2011-07-13','');
INSERT INTO `route` VALUES (523,68,21,9,2,'2011-05-03','2011-07-13','');
INSERT INTO `route` VALUES (525,5,14,4,9,'2011-05-19','2011-06-30','');
INSERT INTO `route` VALUES (526,5,7,6,9,'2011-05-19','2011-06-30','');
INSERT INTO `route` VALUES (527,5,1,7,9,'2011-05-19','2011-06-30','');
INSERT INTO `route` VALUES (528,5,3,8,9,'2011-05-19','2011-06-30','');
INSERT INTO `route` VALUES (529,6,3,5,9,'2011-05-19','2011-06-30','');
INSERT INTO `route` VALUES (530,6,21,6,9,'2011-05-19','2011-06-30','');
INSERT INTO `route` VALUES (531,6,16,7,9,'2011-05-19','2011-06-30','');
INSERT INTO `route` VALUES (532,6,7,11,9,'2011-05-19','2011-06-30','');
INSERT INTO `route` VALUES (533,80,7,7,2,'2011-06-06',NULL,'');
INSERT INTO `route` VALUES (534,80,21,6,2,'2011-06-06',NULL,'');
INSERT INTO `route` VALUES (535,80,16,3,2,'2011-06-06',NULL,'');
INSERT INTO `route` VALUES (536,81,3,6,2,'2011-06-06',NULL,'');
INSERT INTO `route` VALUES (537,81,14,4,2,'2011-06-06',NULL,'');
INSERT INTO `route` VALUES (538,81,8,9,2,'2011-06-06',NULL,'');
INSERT INTO `route` VALUES (539,82,11,3,2,'2011-06-06',NULL,'');
INSERT INTO `route` VALUES (540,82,16,7,2,'2011-06-06',NULL,'');
INSERT INTO `route` VALUES (541,82,1,9,2,'2011-06-06',NULL,'');
INSERT INTO `route` VALUES (542,83,21,3,2,'2011-06-07',NULL,'');
INSERT INTO `route` VALUES (543,83,20,6,2,'2011-06-07',NULL,'');
INSERT INTO `route` VALUES (544,83,7,6,2,'2011-06-07',NULL,'');
INSERT INTO `route` VALUES (545,84,8,3,2,'2011-06-07',NULL,'Hands allowed on volumes');
INSERT INTO `route` VALUES (546,84,12,6,2,'2011-06-07',NULL,'Hands allowed on volumes');
INSERT INTO `route` VALUES (547,84,1,10,2,'2011-06-07',NULL,'Hands allowed on volumes');
INSERT INTO `route` VALUES (548,85,10,5,2,'2011-06-07',NULL,'Hands allowed on volumes');
INSERT INTO `route` VALUES (549,85,21,5,2,'2011-06-07',NULL,'Hands allowed on volumes');
INSERT INTO `route` VALUES (550,85,7,9,2,'2011-06-07',NULL,'Hands allowed on arete and volumes');
INSERT INTO `route` VALUES (551,86,14,3,2,'2011-06-07',NULL,'No aretes');
INSERT INTO `route` VALUES (552,86,3,6,2,'2011-06-07',NULL,'No aretes');
INSERT INTO `route` VALUES (553,86,11,6,2,'2011-06-07',NULL,'No aretes');
INSERT INTO `route` VALUES (554,7,15,5,2,'2011-06-08',NULL,'');
INSERT INTO `route` VALUES (555,7,14,6,2,'2011-06-08',NULL,'');
INSERT INTO `route` VALUES (556,8,21,5,2,'2011-06-08',NULL,'');
INSERT INTO `route` VALUES (557,8,16,9,2,'2011-06-08',NULL,'');
INSERT INTO `route` VALUES (558,8,7,9,2,'2011-06-08',NULL,'');
INSERT INTO `route` VALUES (559,8,8,13,2,'2011-06-08',NULL,'');
INSERT INTO `route` VALUES (560,9,1,7,2,'2011-06-08',NULL,'');
INSERT INTO `route` VALUES (561,9,17,11,2,'2011-06-08',NULL,'');
INSERT INTO `route` VALUES (562,9,20,5,2,'2011-06-08',NULL,'');
INSERT INTO `route` VALUES (563,9,3,13,2,'2011-06-08',NULL,'');
INSERT INTO `route` VALUES (564,10,7,8,2,'2011-06-10',NULL,'');
INSERT INTO `route` VALUES (565,10,21,9,2,'2011-06-10',NULL,'');
INSERT INTO `route` VALUES (566,10,16,5,2,'2011-06-10',NULL,'');
INSERT INTO `route` VALUES (567,11,3,7,2,'2011-06-10',NULL,'');
INSERT INTO `route` VALUES (568,11,1,6,2,'2011-06-10',NULL,'');
INSERT INTO `route` VALUES (569,11,14,5,2,'2011-06-10',NULL,'');
INSERT INTO `route` VALUES (570,12,15,5,2,'2011-06-10',NULL,'');
INSERT INTO `route` VALUES (571,12,18,7,2,'2011-06-10',NULL,'');
INSERT INTO `route` VALUES (572,5,3,4,9,'2011-06-30','2011-08-11','');
INSERT INTO `route` VALUES (573,5,8,6,9,'2011-06-30','2011-08-11','');
INSERT INTO `route` VALUES (574,5,21,7,9,'2011-06-30','2011-08-11','');
INSERT INTO `route` VALUES (575,5,10,8,9,'2011-06-30','2011-08-11','');
INSERT INTO `route` VALUES (576,6,11,5,9,'2011-06-30','2011-08-11','');
INSERT INTO `route` VALUES (577,6,7,7,9,'2011-06-30','2011-08-11','');
INSERT INTO `route` VALUES (578,6,16,8,9,'2011-06-30','2011-08-11','');
INSERT INTO `route` VALUES (579,6,3,10,9,'2011-06-30','2011-08-11','');
INSERT INTO `route` VALUES (580,71,22,9,6,'2011-06-30','0000-00-00','');
INSERT INTO `route` VALUES (581,64,17,13,2,'2011-07-12',NULL,'');
INSERT INTO `route` VALUES (582,64,7,17,2,'2011-07-12',NULL,'');
INSERT INTO `route` VALUES (583,64,10,8,2,'2011-07-12',NULL,'');
INSERT INTO `route` VALUES (584,64,3,10,2,'2011-07-12',NULL,'');
INSERT INTO `route` VALUES (585,64,21,9,2,'2011-07-12',NULL,'');
INSERT INTO `route` VALUES (586,65,12,7,2,'2011-07-12',NULL,'');
INSERT INTO `route` VALUES (587,65,1,10,2,'2011-07-12',NULL,'');
INSERT INTO `route` VALUES (588,65,15,8,2,'2011-07-12',NULL,'');
INSERT INTO `route` VALUES (589,65,16,18,2,'2011-07-12',NULL,'');
INSERT INTO `route` VALUES (590,65,8,11,2,'2011-07-12',NULL,'');
INSERT INTO `route` VALUES (591,66,21,6,2,'2011-07-13',NULL,'');
INSERT INTO `route` VALUES (592,66,14,10,2,'2011-07-13',NULL,'');
INSERT INTO `route` VALUES (593,67,3,9,2,'2011-07-13',NULL,'');
INSERT INTO `route` VALUES (594,67,10,6,2,'2011-07-13',NULL,'');
INSERT INTO `route` VALUES (595,67,7,13,2,'2011-07-13',NULL,'');
INSERT INTO `route` VALUES (596,67,17,16,2,'2011-07-13',NULL,'');
INSERT INTO `route` VALUES (597,67,18,8,2,'2011-07-13',NULL,'');
INSERT INTO `route` VALUES (598,68,21,7,2,'2011-07-13',NULL,'');
INSERT INTO `route` VALUES (599,68,1,11,2,'2011-07-13',NULL,'');
INSERT INTO `route` VALUES (600,68,8,15,2,'2011-07-13',NULL,'');
INSERT INTO `route` VALUES (601,68,16,19,2,'2011-07-13',NULL,'');
INSERT INTO `route` VALUES (602,68,12,6,2,'2011-07-13',NULL,'');
INSERT INTO `route` VALUES (603,78,7,2,6,'2011-07-19',NULL,'');
INSERT INTO `route` VALUES (604,78,3,1,6,'2011-07-19',NULL,'');
INSERT INTO `route` VALUES (605,78,16,3,6,'2011-07-19',NULL,'');
INSERT INTO `route` VALUES (606,79,1,2,6,'2011-07-19',NULL,'');
INSERT INTO `route` VALUES (607,79,21,2,6,'2011-07-19',NULL,'');
INSERT INTO `route` VALUES (608,79,3,4,6,'2011-07-19',NULL,'');
INSERT INTO `route` VALUES (609,21,8,7,9,'2011-08-25',NULL,'');
INSERT INTO `route` VALUES (610,21,14,4,9,'2011-08-25',NULL,'');
INSERT INTO `route` VALUES (611,22,21,5,9,'2011-08-25',NULL,'');
INSERT INTO `route` VALUES (612,22,7,7,9,'2011-08-25',NULL,'');
INSERT INTO `route` VALUES (613,22,1,8,9,'2011-08-25',NULL,'');
INSERT INTO `route` VALUES (614,23,3,4,9,'2011-08-25',NULL,'');
INSERT INTO `route` VALUES (615,23,10,7,9,'2011-08-25',NULL,'');
INSERT INTO `route` VALUES (616,23,16,8,9,'2011-08-25',NULL,'');
INSERT INTO `route` VALUES (617,58,3,7,2,'2011-08-19',NULL,'');
INSERT INTO `route` VALUES (618,58,21,8,2,'2011-08-19',NULL,'');
INSERT INTO `route` VALUES (619,58,7,5,2,'2011-08-19',NULL,'');
INSERT INTO `route` VALUES (620,59,1,9,2,'2011-08-19',NULL,'');
INSERT INTO `route` VALUES (621,59,16,7,2,'2011-08-19',NULL,'');
INSERT INTO `route` VALUES (622,60,16,7,2,'2011-08-19',NULL,'');
INSERT INTO `route` VALUES (623,60,15,4,2,'2011-08-19',NULL,'');
INSERT INTO `route` VALUES (624,60,14,7,2,'2011-08-19',NULL,'');
INSERT INTO `route` VALUES (625,73,3,2,6,'2011-08-19',NULL,'');
INSERT INTO `route` VALUES (626,73,14,3,6,'2011-08-19',NULL,'');
INSERT INTO `route` VALUES (627,73,12,5,6,'2011-08-19',NULL,'');
INSERT INTO `route` VALUES (628,74,11,2,6,'2011-08-19',NULL,'');
INSERT INTO `route` VALUES (629,74,21,2,6,'2011-08-19',NULL,'');
INSERT INTO `route` VALUES (630,74,4,9,6,'2011-08-19',NULL,'Hands allowed on features');
INSERT INTO `route` VALUES (631,74,6,12,1,NULL,NULL,'No arete. No bridging.');
INSERT INTO `route` VALUES (632,76,3,2,5,'2011-08-19',NULL,'');
INSERT INTO `route` VALUES (633,76,14,2,5,'2011-08-19',NULL,'');
INSERT INTO `route` VALUES (634,76,21,5,5,'2011-08-19',NULL,'');
INSERT INTO `route` VALUES (635,77,11,2,5,'2011-08-19',NULL,'');
INSERT INTO `route` VALUES (636,77,1,2,5,'2011-08-19',NULL,'');
INSERT INTO `route` VALUES (637,77,8,3,5,'2011-08-19',NULL,'');
INSERT INTO `route` VALUES (638,69,3,5,6,'2011-08-16',NULL,'');
INSERT INTO `route` VALUES (639,69,14,6,6,'2011-08-16',NULL,'');
INSERT INTO `route` VALUES (640,69,5,7,6,'2011-08-16',NULL,'');
INSERT INTO `route` VALUES (641,70,21,3,6,'2011-08-16',NULL,'');
INSERT INTO `route` VALUES (642,70,3,7,6,'2011-08-16',NULL,'');
INSERT INTO `route` VALUES (643,70,19,6,6,'2011-08-16',NULL,'');
INSERT INTO `route` VALUES (644,17,21,5,2,'2011-08-16',NULL,'');
INSERT INTO `route` VALUES (645,17,16,12,2,'2011-08-16',NULL,'');
INSERT INTO `route` VALUES (646,17,15,6,2,'2011-08-16',NULL,'');
INSERT INTO `route` VALUES (647,18,14,6,2,'2011-08-16',NULL,'');
INSERT INTO `route` VALUES (648,18,7,4,2,'2011-08-16',NULL,'');
INSERT INTO `route` VALUES (649,19,20,4,2,'2011-08-16',NULL,'');
INSERT INTO `route` VALUES (650,19,3,7,2,'2011-08-16',NULL,'');
INSERT INTO `route` VALUES (651,19,16,9,2,'2011-08-16',NULL,'');
INSERT INTO `route` VALUES (652,20,21,7,2,'2011-08-16',NULL,'');
INSERT INTO `route` VALUES (653,20,10,5,2,'2011-08-16',NULL,'');
INSERT INTO `route` VALUES (654,20,7,8,2,'2011-08-16',NULL,'');
INSERT INTO `route` VALUES (655,24,21,4,2,'2011-08-17',NULL,'');
INSERT INTO `route` VALUES (656,24,1,6,2,'2011-08-17',NULL,'');
INSERT INTO `route` VALUES (657,24,7,9,2,'2011-08-17',NULL,'');
INSERT INTO `route` VALUES (658,25,15,6,2,'2011-08-17',NULL,'');
INSERT INTO `route` VALUES (659,25,16,4,2,'2011-08-17',NULL,'');
INSERT INTO `route` VALUES (660,25,8,9,2,'2011-08-17',NULL,'');
INSERT INTO `route` VALUES (661,26,10,9,2,'2011-08-17',NULL,'');
INSERT INTO `route` VALUES (662,26,7,8,2,'2011-08-17',NULL,'');
INSERT INTO `route` VALUES (663,26,14,7,2,'2011-08-17',NULL,'');
INSERT INTO `route` VALUES (664,27,3,6,2,'2011-08-17',NULL,'');
INSERT INTO `route` VALUES (665,27,1,3,2,'2011-08-17',NULL,'');
INSERT INTO `route` VALUES (666,27,16,8,2,'2011-08-17',NULL,'');
INSERT INTO `route` VALUES (667,28,7,8,2,'2011-08-17',NULL,'');
INSERT INTO `route` VALUES (668,28,21,3,2,'2011-08-17',NULL,'');
INSERT INTO `route` VALUES (669,28,15,6,2,'2011-08-17',NULL,'');
INSERT INTO `route` VALUES (670,13,3,7,2,'2011-08-15',NULL,'');
INSERT INTO `route` VALUES (671,14,14,4,2,'2011-08-15',NULL,'');
INSERT INTO `route` VALUES (672,14,21,5,2,'2011-08-15',NULL,'');
INSERT INTO `route` VALUES (673,14,8,6,2,'2011-08-15',NULL,'');
INSERT INTO `route` VALUES (674,14,3,6,2,'2011-08-15',NULL,'');
INSERT INTO `route` VALUES (675,14,7,7,2,'2011-08-15',NULL,'');
INSERT INTO `route` VALUES (676,15,11,4,2,'2011-08-15',NULL,'');
INSERT INTO `route` VALUES (677,15,10,6,2,'2011-08-15',NULL,'');
INSERT INTO `route` VALUES (678,15,18,7,2,'2011-08-15',NULL,'');
INSERT INTO `route` VALUES (679,16,14,4,2,'2011-08-15',NULL,'');
INSERT INTO `route` VALUES (680,16,7,8,2,'2011-08-15',NULL,'');
INSERT INTO `route` VALUES (681,16,3,11,2,'2011-08-15',NULL,'');
INSERT INTO `route` VALUES (682,42,10,4,2,'2011-09-05',NULL,'');
INSERT INTO `route` VALUES (683,42,7,7,2,'2011-09-05',NULL,'');
INSERT INTO `route` VALUES (684,43,14,8,2,'2011-09-05',NULL,'');
INSERT INTO `route` VALUES (685,43,8,4,2,'2011-09-05',NULL,'');
INSERT INTO `route` VALUES (686,43,3,6,2,'2011-09-05',NULL,'');
INSERT INTO `route` VALUES (687,44,7,9,2,'2011-09-05',NULL,'');
INSERT INTO `route` VALUES (688,44,16,7,2,'2011-09-05',NULL,'');
INSERT INTO `route` VALUES (689,44,21,4,2,'2011-09-05',NULL,'');
INSERT INTO `route` VALUES (690,49,18,7,2,'2011-09-07',NULL,'');
INSERT INTO `route` VALUES (691,49,21,7,2,'2011-09-07',NULL,'');
INSERT INTO `route` VALUES (692,49,15,4,2,'2011-09-07',NULL,'');
INSERT INTO `route` VALUES (693,50,7,12,2,'2011-09-07',NULL,'');
INSERT INTO `route` VALUES (694,50,11,4,2,'2011-09-07',NULL,'');
INSERT INTO `route` VALUES (695,50,14,8,2,'2011-09-07',NULL,'');
INSERT INTO `route` VALUES (696,51,8,9,2,'2011-09-07',NULL,'');
INSERT INTO `route` VALUES (697,51,21,9,2,'2011-09-07',NULL,'');
INSERT INTO `route` VALUES (698,51,3,4,2,'2011-09-07',NULL,'');
INSERT INTO `route` VALUES (699,52,7,7,2,'2011-09-07',NULL,'');
INSERT INTO `route` VALUES (700,52,16,4,2,'2011-09-07',NULL,'');
INSERT INTO `route` VALUES (701,52,15,7,2,'2011-09-07',NULL,'');
INSERT INTO `route` VALUES (702,45,3,10,2,'2011-09-06',NULL,'');
INSERT INTO `route` VALUES (703,45,14,6,2,'2011-09-06',NULL,'');
INSERT INTO `route` VALUES (704,45,15,5,2,'2011-09-06',NULL,'');
INSERT INTO `route` VALUES (705,46,7,4,2,'2011-09-06',NULL,'');
INSERT INTO `route` VALUES (706,46,8,7,2,'2011-09-06',NULL,'');
INSERT INTO `route` VALUES (707,46,10,9,2,'2011-09-06',NULL,'');
INSERT INTO `route` VALUES (708,47,3,6,2,'2011-09-06',NULL,'');
INSERT INTO `route` VALUES (709,47,21,8,2,'2011-09-06',NULL,'');
INSERT INTO `route` VALUES (710,47,16,6,2,'2011-09-06',NULL,'');
INSERT INTO `route` VALUES (711,48,1,7,2,'2011-09-06',NULL,'');
INSERT INTO `route` VALUES (712,48,7,3,2,'2011-09-06',NULL,'');
INSERT INTO `route` VALUES (713,48,11,6,2,'2011-09-06',NULL,'');
INSERT INTO `route` VALUES (714,5,11,4,9,'2011-08-11','2011-09-22','');
INSERT INTO `route` VALUES (715,5,10,8,9,'2011-08-11','2011-09-22','');
INSERT INTO `route` VALUES (716,5,16,8,9,'2011-08-11','2011-09-22','');
INSERT INTO `route` VALUES (717,5,3,9,9,'2011-08-11','2011-09-22','');
INSERT INTO `route` VALUES (718,6,7,11,9,'2011-08-11','2011-09-22','');
INSERT INTO `route` VALUES (719,6,3,4,9,'2011-08-11','2011-09-22','');
INSERT INTO `route` VALUES (720,6,21,7,9,'2011-08-11','2011-09-22','');
INSERT INTO `route` VALUES (721,6,8,9,9,'2011-08-11','2011-09-22','');
INSERT INTO `route` VALUES (722,1,10,5,2,'2011-09-09',NULL,'');
INSERT INTO `route` VALUES (723,1,3,12,2,'2011-09-09',NULL,'');
INSERT INTO `route` VALUES (724,2,1,4,2,'2011-09-09',NULL,'');
INSERT INTO `route` VALUES (725,2,15,8,2,'2011-09-09',NULL,'');
INSERT INTO `route` VALUES (726,2,8,10,2,'2011-09-09',NULL,'');
INSERT INTO `route` VALUES (727,3,3,4,2,'2011-09-09',NULL,'');
INSERT INTO `route` VALUES (728,3,16,6,2,'2011-09-09',NULL,'');
INSERT INTO `route` VALUES (729,3,17,9,2,'2011-09-09',NULL,'');
INSERT INTO `route` VALUES (730,4,21,6,2,'2011-09-09',NULL,'');
INSERT INTO `route` VALUES (731,4,7,8,2,'2011-09-09',NULL,'');
INSERT INTO `route` VALUES (732,39,7,8,2,'2011-09-08',NULL,'');
INSERT INTO `route` VALUES (733,39,16,7,2,'2011-09-08',NULL,'');
INSERT INTO `route` VALUES (734,39,3,3,2,'2011-09-08',NULL,'');
INSERT INTO `route` VALUES (735,40,11,7,2,'2011-09-08',NULL,'');
INSERT INTO `route` VALUES (736,40,9,2,2,'2011-09-08',NULL,'');
INSERT INTO `route` VALUES (737,40,21,8,2,'2011-09-08',NULL,'Hands allowed on arete');
INSERT INTO `route` VALUES (738,41,14,4,2,'2011-09-08',NULL,'');
INSERT INTO `route` VALUES (739,41,21,8,2,'2011-09-08',NULL,'');
INSERT INTO `route` VALUES (740,41,17,10,2,'2011-09-08',NULL,'');
INSERT INTO `route` VALUES (741,53,3,4,2,'2011-09-08',NULL,'');
INSERT INTO `route` VALUES (742,53,10,8,2,'2011-09-08',NULL,'');
INSERT INTO `route` VALUES (743,53,21,7,10,'2011-09-08',NULL,'');
INSERT INTO `route` VALUES (744,54,20,5,2,'2011-09-08',NULL,'');
INSERT INTO `route` VALUES (745,54,15,7,2,'2011-09-08',NULL,'');
INSERT INTO `route` VALUES (746,54,7,3,2,'2011-09-08',NULL,'');
INSERT INTO `route` VALUES (747,55,8,7,2,'2011-09-08',NULL,'');
INSERT INTO `route` VALUES (748,55,1,6,2,'2011-09-08',NULL,'');
INSERT INTO `route` VALUES (749,55,14,7,2,'2011-09-08',NULL,'');
INSERT INTO `route` VALUES (750,56,7,8,2,'2011-09-08',NULL,'');
INSERT INTO `route` VALUES (751,56,16,6,2,'2011-09-08',NULL,'');
INSERT INTO `route` VALUES (752,56,17,10,2,'2011-09-08',NULL,'');
INSERT INTO `route` VALUES (753,57,12,6,2,'2011-09-08',NULL,'');
INSERT INTO `route` VALUES (754,57,3,8,2,'2011-09-08',NULL,'');
INSERT INTO `route` VALUES (755,57,20,6,2,'2011-09-08',NULL,'');
INSERT INTO `route` VALUES (756,4,20,5,2,'2011-09-09',NULL,'');
INSERT INTO `route` VALUES (757,1,7,8,2,'2011-09-09',NULL,'');
INSERT INTO `route` VALUES (758,60,6,14,1,NULL,NULL,'Direct route');
INSERT INTO `route` VALUES (759,71,10,1,6,'2011-09-12',NULL,'');
INSERT INTO `route` VALUES (760,71,5,9,6,'2011-09-12',NULL,'');
INSERT INTO `route` VALUES (761,71,3,10,6,'2011-09-12',NULL,'');
INSERT INTO `route` VALUES (762,71,2,8,6,'2011-09-12',NULL,'');
INSERT INTO `route` VALUES (763,72,7,1,6,'2011-09-12',NULL,'');
INSERT INTO `route` VALUES (764,72,21,5,6,'2011-09-12',NULL,'');
INSERT INTO `route` VALUES (765,72,12,7,6,'2011-09-12',NULL,'');
INSERT INTO `route` VALUES (766,72,22,7,6,'2011-09-12',NULL,'');
INSERT INTO `route` VALUES (767,44,6,12,1,NULL,NULL,'Direct route');
INSERT INTO `route` VALUES (768,5,3,3,9,'2011-09-22',NULL,'');
INSERT INTO `route` VALUES (769,5,1,5,9,'2011-09-22',NULL,'');
INSERT INTO `route` VALUES (770,5,16,8,9,'2011-09-22',NULL,'');
INSERT INTO `route` VALUES (771,5,21,8,9,'2011-09-22',NULL,'');
INSERT INTO `route` VALUES (772,6,21,3,9,'2011-09-22',NULL,'');
INSERT INTO `route` VALUES (773,6,8,5,9,'2011-09-22',NULL,'');
INSERT INTO `route` VALUES (774,6,3,7,9,'2011-09-22',NULL,'');
INSERT INTO `route` VALUES (775,6,7,7,9,'2011-09-22',NULL,'');

drop view if exists `v_route`;
create view v_route as
	select
		route.id              as id,
		panel.name            as panel,
		panel.sequence        as panel_seq,
		colour.colour         as colour,
		grade.grade           as grade,
		grade.sequence        as grade_seq,
		climb_type.climb_type as climb_type,
		trim(concat_ws(' ',setter.first_name, setter.surname)) as setter,
		route.date_set        as date_set,
		route.notes           as notes,
		panel.height          as height
	from route
		left join colour     on (route.colour_id     = colour.id)
		left join panel      on (route.panel_id      = panel.id)
		left join grade      on (route.grade_id      = grade.id)
		left join setter     on (route.setter_id     = setter.id)
		left join climb_type on (panel.climb_type_id = climb_type.id)
	where
		isnull (route.date_end);

